"公園名","Id","公園番号","公園種別","読み仮名","公園所在地","公園面積_m2","主な施設","主な遊具","閉鎖管理施設","トイレ","その他情報","備考1","備考2","経度","緯度","分類"
"上鷺西公園","101","104","街区公園","かみさぎにし","上鷺宮５－１７","194.16","","","","車いす用×、オストメイト×、男子大×、男子小×、女子×、共用１、ベビーシート×、ベビーチェア×","","","","139.625233738246","35.7313006885554","街区公園"
"西鷺公園","56","58","街区公園","にしさぎ","鷺　宮６－３１","429.48","","複合遊具","","車いす用×、オストメイト×、男子大×、男子小１、女子×、共用１、ベビーシート×、ベビーチェア×","","","","139.626228235323","35.7266488163976","街区公園"
"八成公園","26","27","街区公園","はちなり","上鷺宮５－１９","3868.32","雑木林","ブランコ、砂場、鉄棒、ｸﾗｲﾐﾝﾝｸﾞ遊具","","車いす用○、オストメイト○、男子大×、男子小×、女子×、共用×、ベビーシート○、ベビーチェア○","","※公園北側の高齢者農園は福祉推進課","","139.626381457772","35.7316498552522","街区公園"
"上鷺いこい公園","150","156","街区公園","かみさぎいこい","上鷺宮４－１２","511.82","","","","なし","","","","139.627210037703","35.7334755568622","街区公園"
"北中野公園","17","18","街区公園","きたなかの","上鷺宮５－８","2181.36","","ブランコ、砂場、複合遊具、鉄棒","","車いす用○、オストメイト○、男子大１、男子小１、女子１、共用×、ベビーシート○、ベビーチェア○","","","","139.627203564902","35.7286020383718","街区公園"
"三角広場","171","203","その他","さんかく","鷺　宮６－５","133.91","","","","なし","","","","139.628191182554","35.7236185373943","その他"
"上鷺公園","12","13","街区公園","かみさぎ","上鷺宮４－８","1020.74","","ブランコ、砂場、複合遊具","","車いす用○、オストメイト×、男子大×、男子小１、女子×、共用１、ベビーシート×、ベビーチェア×","","","","139.628489365685","35.7320991887984","街区公園"
"かみさぎ北公園","157","163","街区公園","かみさぎきた","上鷺宮４－６","133.65","","","","なし","","","","139.629132462659","35.7332134683872","街区公園"
"風の子ひろば","142","148","街区公園","かぜのこひろば","上鷺宮４－１３，１４","2904.48","","複合遊具","","車いす用○、オストメイト×、男子大×、男子小１、女子×、共用１、ベビーシート×、ベビーチェア×","","","","139.628773489862","35.7341203616026","街区公園"
"鷺六公園","103","107","街区公園","さぎろく","鷺　宮６－２４","1026.49","","ブランコ、滑り台、砂場、鉄棒、健康遊具","","車いす用×、オストメイト×、男子大×、男子小×、女子×、共用１、ベビーシート×、ベビーチェア×","","","","139.629778305476","35.7255748143662","街区公園"
"武蔵台公園","16","17","街区公園","むさしだい","上鷺宮５－２６","1061.05","","ブランコ、砂場、複合遊具、鉄棒","","なし","","","","139.630221875459","35.7306579003552","街区公園"
"とちの木公園","156","162","街区公園","とちのき","上鷺宮２－２２","195.8","","","","なし","","","","139.631522255664","35.7312954672398","街区公園"
"若葉公園","57","59","街区公園","わかば","鷺　宮５－１１","860.4","","ブランコ、滑り台、砂場、ｼﾞｬﾝｸﾞﾙｼﾞﾑ","","車いす用○、オストメイト○、男子大×、男子小×、女子×、共用×、ベビーシート○、ベビーチェア○","","","","139.631715582987","35.7252307356848","街区公園"
"上鷺宮緑地","170","201","その他","かみさぎのみやりょくち","上鷺宮３－８","142.18","","","","なし","","","","139.631949589589","35.7323456967863","その他"
"上鷺東公園","28","29","街区公園","かみさぎひがし","上鷺宮２－１８","2291.87","じゃぶじゃぶ池","ブランコ、滑り台、砂場、鉄棒、健康遊具","","車いす用○、オストメイト○、男子大１、男子小１、女子１、共用×、ベビーシート○、ベビーチェア○","","","","139.634688883705","35.7297799450165","街区公園"
"白鷺ふれあい公園","154","160","街区公園","しらさぎふれあい","白　鷺２－１０","1329.21","","滑り台、鉄棒、健康遊具、ｸﾗｲﾐﾝﾝｸﾞ遊具","","なし","","","","139.635130590541","35.7179797308059","街区公園"
"そろの木公園","73","76","街区公園","そろのき","白　鷺２－３８","916.29","","ブランコ、砂場、鉄棒","","車いす用×、オストメイト×、男子大×、男子小×、女子×、共用１、ベビーシート×、ベビーチェア×","","","","139.635540277911","35.7206702203334","街区公園"
"白鷺公園","127","131","街区公園","しらさぎ","白　鷺２－８","377.8","","健康遊具","","なし","","","","139.635868157579","35.7185012007597","街区公園"
"鷺宮運動広場","125","129","街区公園","さぎのみやうんどうひろば","白　鷺３－１","4920.36","運動広場","ブランコ、砂場、複合遊具","運動広場（閉鎖時間の詳細は指定管理者へ）","車いす用○、オストメイト○、男子大１、男子小２、女子２、共用×、ベビーシート×、ベビーチェア○","","","指定管理者　03-3337-1771（9:00～21:00）","139.635650335419","35.7222449235107","街区公園"
"白鷺ネムノキ公園","146","152","街区公園","しらさぎねむのき","白　鷺１－７","700.7","","","","車いす用○、オストメイト×、男子大×、男子小１、女子×、共用１、ベビーシート×、ベビーチェア×","","","","139.637895596","35.7174877360508","街区公園"
"みよし公園","66","69","街区公園","みよし","鷺　宮３－１９","200.06","","ブランコ、砂場","","なし","","","","139.638553140121","35.7233738960751","街区公園"
"みたけ公園","72","75","街区公園","みたけ","鷺　宮３－３１","244.38","","","","車いす用×、オストメイト×、男子大×、男子小×、女子×、共用１、ベビーシート×、ベビーチェア×","","","","139.639065891225","35.7239626209076","街区公園"
"双鷺公園","118","122","街区公園","そうろ","若　宮３－５８","500","","","","なし","","","","139.640289189424","35.7217689155104","街区公園"
"白鷺せせらぎ公園","161","167","近隣公園","しらさぎせせらぎ","白　鷺１－４","9070","多目的運動場、喫煙所","複合遊具、健康遊具","多目的運動場","（南側）車いす用○、オストメイト×、男子大×、男子小２、女子×、共用×、ベビーシート×、ベビーチェア×","（北側トイレ）車いす用○、オストメイト○、男子大×、男子小１、女子×、共用×、ベビーシート○、ベビーチェア○","犬の同行入園可（園路）","多目的運動場（9:00～17:00（6月～8月は19:00まで）、水土の13:00～は個人利用のみ（予約不要））","139.639723713775","35.7171704682134","近隣公園"
"若宮オリーブ公園","153","159","街区公園","わかみやおりーぶ","若　宮３－５７","995.25","","砂場、複合遊具、健康遊具","","車いす用○、オストメイト×、男子大×、男子小１、女子×、共用１、ベビーシート×、ベビーチェア×","","","","139.640431715558","35.7201499646561","街区公園"
"わかさぎ公園","147","153","街区公園","わかさぎ","若　宮２－５６","759.52","","","","車いす用×、オストメイト×、男子大×、男子小１、女子×、共用１、ベビーシート×、ベビーチェア×","","","","139.640491705904","35.7174616493983","街区公園"
"若宮アトリエ広場","169","175","街区公園","わかみやあとりえひろば","若宮２－３７","101.66","","","","なし","","","","139.641983140424","35.7179370135101","街区公園"
"かしの木公園","130","134","街区公園","かしのき","若　宮３－５２","1410.69","","","","車いす用○、オストメイト×、男子大×、男子小１、女子×、共用×、ベビーシート×、ベビーチェア×","","","","139.641915296377","35.7202042979384","街区公園"
"みはと公園","58","60","街区公園","みはと","大和町４－５１","1016.9","","滑り台、複合遊具","","車いす用×、オストメイト×、男子大×、男子小１、女子×、共用１、ベビーシート×、ベビーチェア×","","","","139.641890426299","35.7161753699621","街区公園"
"鷺南公園","115","119","街区公園","ろなん","若　宮２－４８","382.13","","砂場","","車いす用×、オストメイト×、男子大×、男子小×、女子×、共用１、ベビーシート×、ベビーチェア×","","","","139.642714728523","35.7183924670433","街区公園"
"若宮公園","9","10","街区公園","わかみや","若　宮３－２１","751.98","","ブランコ、複合遊具、健康遊具","","車いす用○、オストメイト○、男子大１、男子小１、女子×、共用×、ベビーシート○、ベビーチェア○","","","","139.64341533621","35.7219328847622","街区公園"
"西大和児童公園","46","47","街区公園","にしやまとじどう","大和町３－４２","286.18","","ブランコ、ｸﾗｲﾐﾝﾝｸﾞ遊具","","なし","","","","139.643726730621","35.7123924423702","街区公園"
"西大和公園","22","23","街区公園","にしやまと","大和町４－５０","1000","","ブランコ、砂場、築山遊具、鉄棒、健康遊具","","車いす用○、オストメイト○、男子大１、男子小２、女子×、共用×、ベビーシート○、ベビーチェア○","","","","139.643775556169","35.7147745203288","街区公園"
"かせい公園","31","32","街区公園","かせい","若　宮３－５","564.11","","砂場、鉄棒","","車いす用×、オストメイト×、男子大×、男子小×、女子×、共用１、ベビーシート×、ベビーチェア×","","","","139.646225950408","35.7207637165565","街区公園"
"大和鹿鳴公園","133","139","街区公園","やまとろくめい","大和町３－２７","434.73","","","","車いす用×、オストメイト×、男子大×、男子小×、女子×、共用１、ベビーシート×、ベビーチェア×","","","","139.646383947656","35.7127984514399","街区公園"
"みすみ公園","136","142","街区公園","みすみ","大和町３－２５","203.38","","","","なし","","","","139.647110941193","35.7120693773907","街区公園"
"みつわ公園","89","92","街区公園","みつわ","若　宮１－４２","542.11","","砂場、鉄棒","","車いす用×、オストメイト×、男子大×、男子小×、女子×、共用１、ベビーシート×、ベビーチェア×","","","","139.647548538377","35.7188558284378","街区公園"
"わかたけ公園","67","70","街区公園","わかたけ","鷺　宮１－５","440.05","","ブランコ、砂場、鉄棒、ｸﾗｲﾐﾝﾝｸﾞ遊具","","車いす用×、オストメイト×、男子大×、男子小１、女子×、共用１、ベビーシート×、ベビーチェア×","","","","139.647769206981","35.7220869202219","街区公園"
"大和北公園","110","114","街区公園","やまときた","大和町２－４５","1294.24","","","","車いす用○、オストメイト×、男子大１、男子小１、女子×、共用×、ベビーシート×、ベビーチェア×","","","","139.64878374338","35.714514332194","街区公園"
"大和花公園","53","55","街区公園","やまとはな","大和町１－５４","323.22","","砂場","","車いす用○、オストメイト×、男子大×、男子小１、女子×、共用×、ベビーシート×、ベビーチェア×","","","","139.649892060036","35.7116655407506","街区公園"
"こうさぎ公園","71","74","街区公園","こうさぎ","野　方６－４４","338.06","","スプリング遊具","","なし","","","","139.65001417316","35.7225275266417","街区公園"
"丸山公園","95","98","街区公園","まるやま","丸　山２－２３","2883.77","じゃぶじゃぶ池","ブランコ、砂場、複合遊具、鉄棒、健康遊具","","車いす用×、オストメイト×、男子大×、男子小１、女子×、共用１、ベビーシート×、ベビーチェア×","","","","139.650478981592","35.7241365631318","街区公園"
"大和公園","10","11","街区公園","やまと","大和町２－８","3210.14","キャッチボールコーナー、じゃぶじゃぶ池","ブランコ、滑り台、砂場、複合遊具、鉄棒、雲梯、ｸﾗｲﾐﾝﾝｸﾞ遊具","","車いす用○、オストメイト○、男子大×、男子小×、女子×、共用２、ベビーシート○、ベビーチェア×","","","","139.651461426643","35.715850768687","街区公園"
"沼栄橋公園","155","161","街区公園","しょうえいばし","野　方５－１","773.36","※休園中","","","なし","※休園中","","","139.652863534964","35.7172980077574","街区公園"
"啓明公園","21","22","街区公園","けいめい","大和町１－２１","1239.13","","ブランコ、滑り台、砂場、鉄棒","","車いす用○、オストメイト×、男子大×、男子小１、女子×、共用１、ベビーシート×、ベビーチェア×","","","","139.65286259567","35.7116773865579","街区公園"
"籠原公園","124","128","街区公園","かごはら","丸　山２－２","338.35","","","","なし","","","","139.653249990712","35.7235559647263","街区公園"
"くるみ公園","77","80","街区公園","くるみ","野　方５－２８","194.53","","","","車いす用×、オストメイト×、男子大×、男子小×、女子×、共用１、ベビーシート×、ベビーチェア×","","","","139.65329837538","35.719502021039","街区公園"
"たんぽぽ公園","75","78","街区公園","たんぽぽ","野　方２－６１","948.99","","ブランコ、滑り台、砂場、鉄棒","","車いす用○、オストメイト×、男子大×、男子小１、女子×、共用×、ベビーシート×、ベビーチェア×","","","","139.654640744863","35.7146795101472","街区公園"
"もみの木公園","86","89","街区公園","もみのき","野　方１－３８","223.76","","砂場、シーソー","","なし","","","","139.654862128413","35.7094861845748","街区公園"
"こまどり公園","119","123","街区公園","こまどり","野　方１－５７","574.5","","砂場","","なし","","","","139.655096798623","35.7117959915998","街区公園"
"早稲田通り公園","107","111","街区公園","わせだどおり","野　方１－３５","908.64","","複合遊具","","車いす用○、オストメイト×、男子大×、男子小１、女子×、共用×、ベビーシート×、ベビーチェア×","","花火不可","","139.656234802944","35.7095367315216","街区公園"
"野方第一公園","42","43","街区公園","のがただいいち","野　方４－３６","450.14","","ブランコ、砂場、複合遊具、鉄棒","","なし","","","","139.656478613868","35.7206051997807","街区公園"
"野方一丁目公園","91","94","街区公園","のがたいっちょうめ","野　方１－３２","572.43","","砂場、鉄棒","","なし","","","","139.657031770419","35.7104195318062","街区公園"
"野方第二公園","45","46","街区公園","のがただいに","野　方２－１４","418.42","","ブランコ、滑り台、砂場","","なし","","","","139.657075633638","35.713162893119","街区公園"
"東山公園","41","42","街区公園","ひがしやま","野　方４－４１","1606.04","","ｼﾞｬﾝｸﾞﾙｼﾞﾑ、健康遊具","","車いす用○、オストメイト○、男子大×、男子小１、女子×、共用×、ベビーシート○、ベビーチェア○","","","","139.657198207039","35.7221944731829","街区公園"
"野方ひがし公園","85","88","街区公園","のがたひがし","野　方１－１２","724.27","キャッチボールコーナー","ブランコ、砂場、鉄棒、ｸﾗｲﾐﾝﾝｸﾞ遊具他遊具","","なし","","","","139.659294115875","35.7125769335223","街区公園"
"沼袋西公園","19","20","街区公園","ぬまぶくろにし","沼　袋３－１４","3311.58","","砂場、複合遊具","","車いす用○、オストメイト×、男子大×、男子小２、女子×、共用１、ベビーシート×、ベビーチェア×","","","","139.659224653085","35.7167803940495","街区公園"
"さんかく公園","131","135","街区公園","さんかく","沼　袋３－２４","331.61","※休園中","","","なし","※休園中","","","139.659599225198","35.7192898640726","街区公園"
"囲町ひろば","159","166","街区公園","かこいちょうひろば","中　野４－２１","1001.19","","","トイレ（閉鎖時間の詳細は指定管理者へ）","車いす用○、オストメイト×、男子大×、男子小×、女子×、共用×、ベビーシート×、ベビーチェア○","","","指定管理者　03-5343-7921（9:00～17:00）","139.660268881325","35.7063162882487","街区公園"
"草の実公園","144","150","街区公園","くさのみ","新　井２－４４","235.56","","","","なし","","","","139.660739120768","35.7130521305204","街区公園"
"南部公園","40","41","街区公園","なんぶ","南　台５－２７","884.75","","滑り台、健康遊具","","（高齢者会館外）車いす用○、オストメイト○、男子大×、男子小１、女子×、共用×、ベビーシート○、ベビーチェア○","","","","139.660788882168","35.6831727157333","街区公園"
"沼四緑の公園","117","121","街区公園","ぬまよんみどりの","沼　袋４－３５","568.44","","","","なし","","","","139.660933083999","35.7227725828262","街区公園"
"柏公園","55","57","街区公園","かしわ","新　井３－２４","452.51","","砂場、複合遊具、鉄棒","","なし","","","","139.6613401128","35.7131863489181","街区公園"
"西町公園","52","54","街区公園","にしまち","本　町６－３９","272.49","","","","なし","","","","139.661958837284","35.6953913668445","街区公園"
"みなみ公園","30","31","街区公園","みなみ","南　台５－１５","462.35","","鉄棒","","なし","","","","139.662198096649","35.6801899356025","街区公園"
"子宝公園","134","140","街区公園","こだから","中　野３－１６","122.01","","","","なし","","","","139.662174565248","35.7018945185088","街区公園"
"囲桃園公園","106","110","街区公園","かこいももぞの","中　野３－２０，２１","1243.52","","","","車いす用○、オストメイト○、男子大×、男子小１、女子×、共用×、ベビーシート○、ベビーチェア○","","","","139.662279551507","35.7035171676148","街区公園"
"丸太公園","99","102","街区公園","まるた","弥生町６－２","1313.57","","砂場、ｱｽﾚﾁｯｸ遊具","","車いす用×、オストメイト×、男子大×、男子小×、女子×、共用１、ベビーシート×、ベビーチェア×","","","","139.662248372433","35.6868478939297","街区公園"
"新井南公園","24","25","街区公園","あらいみなみ","新　井２－３１","1179.87","","ブランコ、砂場","","車いす用○、オストメイト○、男子大×、男子小×、女子×、共用×、ベビーシート○、ベビーチェア○","","","","139.662482584571","35.7107546871995","街区公園"
"中野四季の森公園","160","165","近隣公園","なかのしきのもり","中　野４－１２，１３","20780.48","池・流れ・噴水、芝生広場、イベント広場","","トイレ（閉鎖時間の詳細は指定管理者へ）","（芝生エリア）車いす用○、オストメイト○、男子大３、男子小４、女子４、共用×、ベビーシート○、ベビーチェア○","（イベントエリア）車いす用○、オストメイト○、男子大×、男子小×、女子×、共用×、ベビーシート○、ベビーチェア○","花火不可、犬のの同行入園可","指定管理者　03-5343-7921（9:00～17:00）","139.661383149014","35.7081805740958","近隣公園"
"広町みらい公園","168","174","近隣公園","ひろまちみらい","弥生町６－１","10375.52","滝・流れ、体験学習センター","複合遊具、健康遊具、ｸﾗｲﾐﾝﾝｸﾞ遊具","","（清掃事務所外）車いす用○、オストメイト○、男子大１、男子小２、女子１、共用×、ベビーシート○、ベビーチェア○","","犬の同行入園可（園路）","指定管理者　03ｰ6382ｰ6072（9:00～21:00）","139.662040741236","35.6852025827275","近隣公園"
"丸山塚公園","100","103","街区公園","まるやまづか","沼　袋２－４０","2717.93","","ブランコ、滑り台、砂場、鉄棒","","車いす用×、オストメイト×、男子大×、男子小１、女子×、共用１、ベビーシート×、ベビーチェア×","","","","139.663173143139","35.7233902360661","街区公園"
"八島公園","37","38","街区公園","やしま","南　台４－４１","164","","ｼﾞｬﾝｸﾞﾙｼﾞﾑ","","なし","","","","139.663677157449","35.6800994856048","街区公園"
"本六公園","32","33","街区公園","ほんろく","本　町６－３０","569","","ブランコ、砂場","","なし","","","","139.663589237682","35.6962241878392","街区公園"
"南台三丁目公園","113","117","街区公園","みなみだいさんちょうめ","南　台３－４１","956.13","","ブランコ","","車いす用○、オストメイト○、男子大１、男子小１、女子１、共用×、ベビーシート○、ベビーチェア○","","","","139.663802876535","35.6823828838566","街区公園"
"中央西公園","34","35","街区公園","ちゅうおうにし","中　央５－２７","2695.2","","滑り台、砂場、鉄棒","","車いす用○、オストメイト×、男子大×、男子小１、女子×、共用×、ベビーシート×、ベビーチェア×","","","","139.66378625432","35.6992666815686","街区公園"
"南台公園","98","101","街区公園","みなみだい","南　台５－７","3714.53","自由広場、じゃぶじゃぶ池","砂場、複合遊具、ﾊﾞｽｹｯﾄｺﾞｰﾙ","自由広場（開放8:00、閉鎖17:00）（12月28日～1月4日は閉鎖）","車いす用○、オストメイト×、男子大×、男子小１、女子×、共用１、ベビーシート×、ベビーチェア×","","","自由広場の占用受付は南中野区民活動センター　03ｰ3382ｰ1456（平日8:30～17:00）","139.663888122443","35.6812907685196","街区公園"
"平和の森公園","11","12","地区公園","へいわのもり","新　井３－３７","70441.23","体育館、多目的運動広場、水遊び場、犬の広場、喫煙所、駐車場","滑り台、砂場、複合遊具、健康遊具、ｸﾗｲﾐﾝﾝｸﾞ遊具、ｱｽﾚﾁｯｸ遊具","体育館、多目的運動広場（閉鎖時間の詳細は指定管理者へ）","（北側）車いす用○、オストメイト○、男子大２、男子小３、女子３、共用×、ベビーシート○、ベビーチェア○","（南側トイレ）車いす用○、オストメイト○、男子大１、男子小３、女子３、共用×、ベビーシート○、ベビーチェア○","花火不可（一部可）、犬の同行入園可（犬の広場、一部園路）","指定管理者　03ｰ5860ｰ0024（9:00～21:00）","139.662388211037","35.716543981989","地区公園"
"百観音公園","43","44","街区公園","ひゃくかんのん","沼　袋２－２８","854.64","寺の境内","ブランコ、滑り台、砂場、ｼﾞｬﾝｸﾞﾙｼﾞﾑ","","なし","","","","139.664369275446","35.7218705953706","街区公園"
"江古四しいの木公園","139","145","街区公園","えごよんしいのき","江古田４－１４","189.09","","","","なし","","","","139.664609724694","35.7254161477045","街区公園"
"れんげ公園","78","81","街区公園","れんげ","弥生町５－８","918.94","","ブランコ、滑り台、砂場、鉄棒、健康遊具","","車いす用○、オストメイト×、男子大×、男子小×、女子×、共用×、ベビーシート×、ベビーチェア×","","","","139.664845552581","35.6888687008752","街区公園"
"江古田二丁目公園","92","95","街区公園","えごたにちょうめ","江古田２－２１","722.76","","","","なし","","","","139.66490264557","35.7261608610461","街区公園"
"マロニエひろば","172","301","その他","まろにえひろば","南　台３－２６","188.42","","","","車いす用×、オストメイト×、男子大×、男子小１、女子×、共用１、ベビーシート×、ベビーチェア×","","","","139.665452780212","35.6854817319498","その他"
"橋場公園","50","52","街区公園","はしば","中　央５－４１","416.07","","ブランコ、砂場、鉄棒","","なし","","","","139.665916951334","35.7016927223969","街区公園"
"南台さくら公園","165","171","街区公園","みなみだいさくら","南台４－３７","593.62","","複合遊具","公園全体（開放6:00、閉鎖20:00）","なし","","","","139.666072030107","35.6798835828697","街区公園"
"多田公園","36","37","街区公園","ただ","南　台３－２６","477.92","","ブランコ、滑り台、鉄棒","","なし","","","","139.666064027743","35.6853389235553","街区公園"
"なつめ公園","61","63","街区公園","なつめ","中　央５－６","330.73","","ブランコ、砂場","","なし","","","","139.666316954807","35.6984001767785","街区公園"
"ささの葉公園","59","61","街区公園","ささのは","南　台４－１４","987.96","","ブランコ、滑り台、砂場、ｸﾗｲﾐﾝﾝｸﾞ遊具","","車いす用○、オストメイト○、男子大１、男子小１、女子×、共用×、ベビーシート×、ベビーチェア×","","","","139.666603473675","35.6828732488463","街区公園"
"中央公園","39","40","街区公園","ちゅうおう","中　央５－４２","2011.15","","砂場、築山遊具、鉄棒、ｸﾗｲﾐﾝﾝｸﾞ遊具","","車いす用○、オストメイト×、男子大×、男子小１、女子×、共用１、ベビーシート×、ベビーチェア×","","","","139.666561161545","35.7005936403593","街区公園"
"弥生公園","25","26","街区公園","やよい","弥　生５－４","1331.53","","ブランコ、滑り台、砂場、ｼﾞｬﾝｸﾞﾙｼﾞﾑ","","車いす用○、オストメイト○、男子大１、男子小２、女子×、共用×、ベビーシート○、ベビーチェア○","","","","139.66694949618","35.68630036601","街区公園"
"杉山公園","1","1","街区公園","すぎやま","本　町６－１５","1356.29","","ブランコ、砂場、複合遊具","","車いす用○、オストメイト○、男子大１、男子小２、女子２、共用×、ベビーシート○、ベビーチェア○","","","","139.66709526671","35.6970209412214","街区公園"
"あじさい公園","74","77","街区公園","あじさい","中　野５－３４","498.64","","鉄棒","","車いす用○、オストメイト×、男子大×、男子小１、女子×、共用×、ベビーシート×、ベビーチェア×","","","","139.667836083438","35.7072279996207","街区公園"
"西町花の公園","126","130","街区公園","にしまちはなの","本　町４－３７","324.7","","","","なし","","","","139.667914738574","35.6955522365674","街区公園"
"新井薬師公園","2","2","街区公園","あらいやくし","新井５－４・４－１５","10043.63","じゃぶじゃぶ池、喫煙所","ブランコ、砂場、複合遊具、鉄棒","","（池側）車いす用×、オストメイト×、男子大×、男子小１、女子×、共用１、ベビーシート×、ベビーチェア×","（寺側トイレ）車いす用○、オストメイト○、男子大１、男子小３、女子３、共用×、ベビーシート○、ベビーチェア○","","","139.667394362653","35.7150882308972","街区公園"
"昭三公園","88","91","街区公園","しょうさん","中　野５－４１","391.41","","健康遊具","","車いす用×、オストメイト×、男子大×、男子小×、女子×、共用１、ベビーシート×、ベビーチェア×","","","","139.66815471212","35.7096713714121","街区公園"
"江古田の森公園","122","126","地区公園","えごたのもり","江古田３－１４","60224.51","調節池、学習室、ビオトープ池、喫煙所","ブランコ、砂場、複合遊具、健康遊具","調節池区域（河川水越流時、夏期夜間）","（学習棟）車いす用○、オストメイト○、男子大１、男子小２、女子２、共用×、ベビーシート○、ベビーチェア×","（調節池北トイレ）車いす用○、オスト×、男大２、男小３、女３、共×、ベビシ×、ベビチ×　（調節池南トイレ）共１のみ","花火不可、犬の同行入園可（一部園路）","（バス停横トイレ）車いす用○、オスト×、男大１、男小３、女３、共×、ベビシ○、ベビチ×","139.66610338746","35.7296517164239","地区公園"
"新井東公園","109","113","街区公園","あらいひがし","新　井１－１９","612.84","","タイヤ","","車いす用○、オストメイト○、男子大×、男子小１、女子×、共用×、ベビーシート○、ベビーチェア×","","","","139.668296691951","35.7116510721163","街区公園"
"えごたばしポケットパーク","176","305","その他","えごたばしぽけっとぱーく","松が丘２－１８","190.25","","","","なし","","","","139.668810777493","35.7227911933117","その他"
"追分公園","15","16","街区公園","おいわけ","中　央４－７","702.81","","ブランコ、砂場、築山遊具、健康遊具","","車いす用○、オストメイト○、男子大×、男子小×、女子×、共用×、ベビーシート○、ベビーチェア○","","","","139.668753725153","35.6980996401363","街区公園"
"沼袋公園","5","5","街区公園","ぬまぶくろ","沼　袋１－１９","1947.04","","ブランコ、砂場、複合遊具、鉄棒","","車いす用○、オストメイト×、男子大×、男子小１、女子×、共用１、ベビーシート×、ベビーチェア×","","","","139.668597267186","35.7200586552452","街区公園"
"打越公園","93","96","街区公園","うちこし","中　野５－２６","732.9","","ブランコ、複合遊具","公園全体（開放7:00、閉鎖19:00）","なし","","","","139.668889957939","35.7081665567264","街区公園"
"いちょう公園","81","84","街区公園","いちょう","中　央４－５０","339.84","","ブランコ、滑り台、砂場","","車いす用×、オストメイト×、男子大×、男子小×、女子×、共用１、ベビーシート×、ベビーチェア×","","","","139.669300238685","35.7022242059672","街区公園"
"千代田公園","51","53","街区公園","ちよだ","本　町５－３１","344.1","","ブランコ、滑り台、鉄棒","","車いす用×、オストメイト×、男子大×、男子小×、女子×、共用１、ベビーシート×、ベビーチェア×","","","","139.669441264121","35.6927440583507","街区公園"
"本多山公園","151","157","街区公園","ほんだやま","江古田３－８","1263.04","","複合遊具","","なし","","","","139.669060980204","35.727925485778","街区公園"
"片山小さな緑地","143","149","街区公園","かたやまちいさなりょくち","松が丘２－１９","164.44","","","","なし","","","","139.670164520498","35.7229939971959","街区公園"
"上町公園","112","116","街区公園","かみちょう","中　央４－３６","1032.99","","ブランコ","","車いす用○、オストメイト○、男子大×、男子小１、女子×、共用×、ベビーシート○、ベビーチェア○","","","","139.6704020186","35.7012279738133","街区公園"
"本五ふれあい公園","163","169","近隣公園","ほんごふれあい","本　町５－２８","11924.12","多目的運動場","","多目的運動場","（中学校側）車いす用○、オストメイト×、男子大×、男子小×、女子×、共用×、ベビーシート×、ベビーチェア×","（中野通り側トイレ）車いす用○、オストメイト○、男子大１、男子小２、女子２、共用×、ベビーシート○、ベビーチェア○","犬の同行入園可（園路）","多目的運動場（9:00～17:00（6月～8月は19:00まで）、水土の13:00～は個人利用のみ（予約不要））","139.669827229178","35.6920387039073","近隣公園"
"前原公園","44","45","街区公園","まえはら","南　台２－４８","518.33","","砂場、複合遊具","","なし","","","","139.670663138723","35.6848344091228","街区公園"
"こぶし公園","62","64","街区公園","こぶし","上高田２－３２","282.48","","ブランコ、複合遊具","","なし","","","","139.670705345225","35.712417400675","街区公園"
"みなみの広場","129","133","街区公園","みなみのひろば","南　台２－３３","295.78","","","","なし","","","","139.670861520283","35.6836687040469","街区公園"
"天神小公園","120","124","街区公園","てんじんしょう","中　野５－１９","446.44","","","","なし","","","","139.670772132107","35.7073083052194","街区公園"
"松が丘公園","104","108","街区公園","まつがおか","松が丘１－２","414.63","","滑り台、砂場","","車いす用×、オストメイト×、男子大×、男子小×、女子×、共用１、ベビーシート×、ベビーチェア×","","","","139.67134961208","35.717249926504","街区公園"
"江古田公園","3","3","総合公園","えごた","松が丘２－３５・２－２９","8129.7","","複合遊具","","車いす用○、オストメイト×、男子大×、男子小１、女子×、共用１、ベビーシート×、ベビーチェア×","","","","139.670480262924","35.7231341786474","総合公園"
"すみれ公園","76","79","街区公園","すみれ","中　野５－５","727.63","","砂場、複合遊具","","車いす用×、オストメイト×、男子大×、男子小×、女子×、共用２、ベビーシート×、ベビーチェア×","","","","139.671568301456","35.7091673720227","街区公園"
"栄町公園","8","8","街区公園","さかえちょう","弥生町４－２０","2912.45","じゃぶじゃぶ池","ブランコ、砂場、複合遊具、築山遊具、鉄棒","","車いす用○、オストメイト○、男子大１、男子小２、女子２、共用×、ベビーシート○、ベビーチェア○","","","","139.67154535144","35.6867078398069","街区公園"
"江古一御嶽公園","145","151","街区公園","えごいちみたけ","江古田１－３４","315.81","","","","なし","","","","139.671689273128","35.7254998071496","街区公園"
"紅葉山公園","14","15","街区公園","もみじやま","中　野２－５","5488.5","池","砂場、複合遊具","","車いす用○、オストメイト×、男子大１、男子小３、女子２、共用×、ベビーシート×、ベビーチェア×","","","","139.671390444927","35.7038991342475","街区公園"
"天神公園","49","50","街区公園","てんじん","中　野５－８","636.36","","ブランコ、滑り台、鉄棒","","車いす用×、オストメイト×、男子大×、男子小×、女子×、共用１、ベビーシート×、ベビーチェア×","","","","139.671916349734","35.7072535508997","街区公園"
"江原屋敷森緑地","138","144","都市緑地","えはらやしきもりりょくち","江原町３－３２","1187.06","都市緑地","","","なし","","","","139.672513359401","35.7324601264572","都市緑地"
"本四公園","90","93","街区公園","ほんよん","本　町４－６","269.16","","","","なし","","","","139.672701903246","35.6969959452478","街区公園"
"上高田二丁目公園","111","115","街区公園","かみたかだにちょうめ","上高田２－８","3036.8","","砂場、複合遊具","","車いす用○、オストメイト×、男子大１、男子小２、女子１、共用×、ベビーシート×、ベビーチェア×","","花火不可","","139.672822573894","35.7106351460549","街区公園"
"こぐま公園","70","73","街区公園","こぐま","江原町３－１７","360.83","","ブランコ、砂場、築山遊具","","車いす用×、オストメイト×、男子大×、男子小×、女子×、共用１、ベビーシート×、ベビーチェア×","","","","139.673423674968","35.7317168950979","街区公園"
"南台いちょう公園","162","168","近隣公園","みなみだいいちょう","南　台１－１５","10035.13","多目的運動場、芝生広場","複合遊具","トイレ（開放6:00、閉鎖21:00）、多目的運動場","車いす用○、オストメイト○、男子大１、男子小２、女子２、共用×、ベビーシート○、ベビーチェア○","","犬の同行入園可（園路）","多目的運動場（9:00～17:00（6月～8月は19:00まで）、水土の13:00～は個人利用のみ（予約不要））","139.673222921302","35.6846677109684","近隣公園"
"仲町公園","132","138","街区公園","なかちょう","中　央３－１７","541.41","果樹公園","","","車いす用×、オストメイト×、男子大×、男子小×、女子×、共用１、ベビーシート×、ベビーチェア×","","","","139.673989023386","35.7006956783103","街区公園"
"弥生ポケットパーク","178","307","その他","やよいぽけっとぱーく","弥生町２－２３","154.26","","","","なし","","","","139.674183253246","35.6928461144523","その他"
"上一こなら公園","135","141","街区公園","かみいちこなら","上高田１－４３","478.74","","","","なし","","","","139.674280755289","35.7111255205586","街区公園"
"文園西公園","102","105","街区公園","ふみぞのにし","中　野６－２３","367.51","","鉄棒","","車いす用×、オストメイト×、男子大×、男子小×、女子×、共用１、ベビーシート×、ベビーチェア×","","","","139.674547411774","35.7065339054466","街区公園"
"なかしん広場","177","306","その他","なかしんひろば","本町３－２","210","","","","車いす用○、オストメイト○、男子大×、男子小１、女子×、共用×、ベビーシート○、ベビーチェア○","","","","139.674631612005","35.6932127640182","その他"
"城山公園","6","6","街区公園","しろやま","中　野１－４４","3298.6","","ブランコ、滑り台、砂場、複合遊具","","車いす用○、オストメイト×、男子大１、男子小２、女子２、共用×、ベビーシート×、ベビーチェア×","","","","139.674340360572","35.704238820504","街区公園"
"ぱんだ公園","84","87","街区公園","ぱんだ","弥生町３－３４","730.87","","滑り台、砂場、鉄棒、ｼﾞｬﾝｸﾞﾙｼﾞﾑ","","車いす用○、オストメイト×、男子大×、男子小１、女子×、共用×、ベビーシート○、ベビーチェア○","","","","139.674544098527","35.6891647723195","街区公園"
"弥生二丁目公園","108","112","街区公園","やよいにちょうめ","弥生町２－１９","389.39","","砂場","","車いす用○、オストメイト×、男子大×、男子小１、女子×、共用×、ベビーシート×、ベビーチェア×","","","","139.674761762505","35.6909944980086","街区公園"
"江原公園","4","4","街区公園","えはら","江原町１－１５","6806.77","じゃぶじゃぶ池","ブランコ、砂場、鉄棒、雲梯、ｼﾞｬﾝｸﾞﾙｼﾞﾑ","","車いす用○、オストメイト○、男子大１、男子小２、女子２、共用×、ベビーシート○、ベビーチェア○","","","","139.674437771762","35.729227627562","街区公園"
"みずのとう公園","83","86","街区公園","みずのとう","江古田１－３","2272.73","旧野方配水塔","ブランコ","","車いす用○、オストメイト×、男子大×、男子小×、女子×、共用×、ベビーシート○、ベビーチェア○","","","","139.674665584175","35.7246000751646","街区公園"
"上高田北公園","123","127","街区公園","かみたかだきた","上高田５－２９","960.99","","ブランコ、砂場、健康遊具","","（高齢者会館外）車いす用×、オストメイト×、男子大×、男子小×、女子×、共用１、ベビーシート×、ベビーチェア×","","","","139.675152472365","35.7182267271878","街区公園"
"妙正寺川公園","121","125","その他","みょうしょうじがわ","松ヶ丘１－３３","17314.83","調節池、池、運動施設","","運動施設（閉鎖時間の詳細は指定管理者へ）","車いす用○、オストメイト×、男子大３、男子小６、女子６、共用×、ベビーシート×、ベビーチェア×","","花火不可","指定管理者　03-3951-2515 （9:00～17:00）","139.674001784309","35.7209690493934","その他"
"谷戸運動公園","33","34","街区公園","やとうんどう","中　野１－３１","3438.55","","ﾊﾞｽｹｯﾄｺﾞｰﾙ","公園全体（開放6:30（10～3月7:00）、閉鎖19:00）","車いす用○、オストメイト×、男子大×、男子小１、女子×、共用１、ベビーシート×、ベビーチェア×","","","占用受付は東部区民活動センター　03ｰ3363ｰ0751（平日8:30～17:00）","139.674980188723","35.7026061384537","街区公園"
"川島公園","167","173","街区公園","かわしま","弥生町３－６","1330.33","","健康遊具","","なし","","","","139.675329010349","35.6890465246206","街区公園"
"上高田三丁目公園","114","118","街区公園","かみたかださんちょうめ","上高田３－１０","381.35","","","","車いす用×、オストメイト×、男子大×、男子小×、女子×、共用１、ベビーシート×、ベビーチェア×","","","","139.675505740206","35.7135552515843","街区公園"
"哲学堂公園","27","28","総合公園","てつがくどう","松ヶ丘１－３４","52494.08","【国指定名勝】古建築物、運動施設、喫煙所、駐車場","ブランコ、砂場、複合遊具、鉄棒、健康遊具","77場エリア、運動施設（閉鎖時間の詳細は指定管理者へ）","（児童遊園）車いす用○、オストメイト×、男子大１、男子小３、女子３、共用×、ベビーシート×、ベビーチェア×","（桜の広場トイレ）車いす用○、オスト×、男大２、男小３、女３、共×、ベビシ×、ベビチ×　（つつじ園トイレ）車いす用○、オスト×、男大１、男小１、女２、共×、ベビシ×、ベビチ×、","花火不可、犬の同行入園可（一部園路）","指定管理者　03ｰ3951ｰ2515（9:00～17:00）","139.673988158037","35.7220462070211","総合公園"
"やまぶき公園","148","154","街区公園","やまぶき","中　野１－３１","102.44","","","","なし","","","","139.675722872471","35.7023117016588","街区公園"
"ひまわり公園","140","146","街区公園","ひまわり","中　央２－５２","287.66","","","","車いす用×、オストメイト×、男子大×、男子小×、女子×、共用１、ベビーシート×、ベビーチェア×","","","","139.675676662643","35.699701291065","街区公園"
"みずき公園","105","109","街区公園","みずき","中　央２－５４","725.29","","砂場","","車いす用×、オストメイト×、男子大×、男子小×、女子×、共用１、ベビーシート×、ベビーチェア×","","","","139.675801173398","35.7007434727332","街区公園"
"弥生こぶし公園","137","143","街区公園","やよいこぶし","弥生町１－４０","416.45","","健康遊具","","車いす用×、オストメイト×、男子大×、男子小１、女子×、共用１、ベビーシート×、ベビーチェア×","","","","139.676359593828","35.6879688101827","街区公園"
"花見公園","54","56","街区公園","はなみ","弥生町２－７","391.66","","ブランコ、砂場、複合遊具","","車いす用×、オストメイト×、男子大×、男子小１、女子×、共用１、ベビーシート×、ベビーチェア×","","","","139.676484365083","35.6923702229938","街区公園"
"そらまめ公園","152","158","街区公園","そらまめ","中　野６－６","137.41","","","","なし","","","","139.676628954959","35.7079587310413","街区公園"
"文園公園","29","30","街区公園","ふみぞの","中　野６－１０","1024.53","","ブランコ","","なし","","","","139.676573094621","35.706447495441","街区公園"
"本町通り公園","48","49","街区公園","ほんちょうどおり","中　央２－４６","538.59","","ブランコ、砂場、複合遊具","","車いす用×、オストメイト×、男子大×、男子小１、女子×、共用１、ベビーシート×、ベビーチェア×","","","","139.677242237593","35.6989169675602","街区公園"
"青桐公園","60","62","街区公園","あおぎり","本　町３－２９","184.25","","複合遊具","","なし","","","","139.677812044431","35.6970925651529","街区公園"
"さくら公園","68","71","街区公園","さくら","中　野６－２","564.16","芝生広場","砂場、複合遊具","","なし","","","","139.678027578587","35.7071090055955","街区公園"
"高根公園","65","68","街区公園","たかね","東中野２－３４","1465.82","","ブランコ、複合遊具、鉄棒","","なし","","","","139.678308143171","35.7057593864314","街区公園"
"本二東郷やすらぎ公園","116","120","街区公園","ほんにとうごうやすらぎ","本　町２－１２，１４","6954.34","芝生広場","複合遊具、ｼﾞｬﾝｸﾞﾙｼﾞﾑ、健康遊具","","（北側）車いす用○、オストメイト×、男子大×、男子小×、女子×、共用×、ベビーシート×、ベビーチェア○","（南側トイレ）車いす用○、オストメイト○、男子大１、男子小１、女子１、共用×、ベビーシート○、ベビーチェア○","犬の同行入園可（園路）","","139.678180392682","35.694005843371","街区公園"
"宮前公園","94","97","街区公園","みやまえ","中　央２－３９","1481.31","","複合遊具","","車いす用○、オストメイト×、男子大×、男子小１、女子×、共用×、ベビーシート×、ベビーチェア×","","","","139.678457685794","35.7008571619761","街区公園"
"上高田台公園","96","99","街区公園","かみたかだだい","上高田４－１７","2947.69","","砂場、複合遊具、健康遊具、ﾊﾞｽｹｯﾄｺﾞｰﾙ","","（高齢者会館外）車いす用×、オストメイト×、男子大×、男子小１、女子×、共用１、ベビーシート×、ベビーチェア×","","","","139.678366030938","35.7131570416424","街区公園"
"中野上高田公園","7","7","総合公園","なかのかみたかだ","上高田５－７","19400.67","運動施設、駐車場、喫煙所","複合遊具","運動施設（閉鎖時間の詳細は指定管理者へ）","なし","","花火不可","運動施設のみ指定管理者　03ｰ3951ｰ2515（9:00～17:00）","139.678464182055","35.7172208514379","総合公園"
"なかのはしポケットパーク","175","304","その他","なかのはしぽけっとぱーく","弥生町１－２６","251.95","","","","なし","","","","139.679074955519","35.6924048080466","その他"
"桜山公園","97","100","街区公園","さくらやま","東中野３－２２","2824.16","キャッチボールコーナー","砂場、複合遊具、健康遊具、シーソー","","車いす用○、オストメイト○、男子大１、男子小１、女子×、共用×、ベビーシート○、ベビーチェア○","","","","139.680034010748","35.7074207539344","街区公園"
"かえで公園","69","72","街区公園","かえで","中　央２－３５","510.86","","鉄棒","","なし","","","","139.680306256011","35.7005918351682","街区公園"
"上の原公園","20","21","街区公園","うえのはら","東中野２－６","1002.15","","ブランコ、滑り台、砂場、鉄棒","","車いす用○、オストメイト×、男子大×、男子小１、女子×、共用１、ベビーシート×、ベビーチェア×","","","","139.681004330051","35.7024917166446","街区公園"
"朝日が丘公園","13","14","街区公園","あさひがおか","本　町２－３２","700.03","","ブランコ、砂場、複合遊具","児童館外トイレ（開放9:00、閉鎖17:00　日及び休日は終日開放）","（児童館外）車いす用○、オストメイト×、男子大×、男子小×、女子×、共用×、ベビーシート×、ベビーチェア×","","","","139.681023850922","35.6948473061457","街区公園"
"長者橋公園","164","170","街区公園","ちょうじゃばし","弥生町１－６","340.63","","","","なし","","","","139.68159854822","35.6918514233389","街区公園"
"塔の山公園","18","19","街区公園","とうのやま","中　央２－７","1351.12","","ブランコ、滑り台、砂場","","車いす用○、オストメイト×、男子大×、男子小１、女子×、共用×、ベビーシート×、ベビーチェア×","","","","139.681741460647","35.6989190297487","街区公園"
"みどり公園","80","83","街区公園","みどり","東中野３－１１","798.32","","ブランコ、砂場、鉄棒","","車いす用×、オストメイト×、男子大×、男子小×、女子×、共用１、ベビーシート×、ベビーチェア×","","","","139.682717871545","35.7084390852321","街区公園"
"本一公園","35","36","街区公園","ほんいち","本　町１－２３","996.88","","複合遊具","","車いす用○、オストメイト○、男子大×、男子小×、女子×、共用×、ベビーシート○、ベビーチェア○","","","","139.682749573731","35.6942031521156","街区公園"
"若の芽公園","79","82","街区公園","わかのめ","本　町１－５","289.18","","","","車いす用×、オストメイト×、男子大×、男子小×、女子×、共用１、ベビーシート×、ベビーチェア×","","","","139.683298485414","35.692917448885","街区公園"
"氷川公園","47","48","街区公園","ひかわ","東中野１－１１","849.92","神社の境内","ブランコ、滑り台、砂場、雲梯、ｼﾞｬﾝｸﾞﾙｼﾞﾑ","","車いす用×、オストメイト×、男子大×、男子小×、女子×、共用１、ベビーシート×、ベビーチェア×","","","","139.683097098167","35.7030709116036","街区公園"
"あやめポケットパーク","174","303","その他","あやめぽけっとぱーく","弥生町１－１","62.43","","","","なし","","","","139.683500622727","35.6924180432721","その他"
"神田川はなひろば","149","155","街区公園","かんだがわはなひろば","本　町１－２","391.7","","","","なし","","","","139.683937037567","35.6929022934975","街区公園"
"なかの坂公園","141","147","街区公園","なかのさか","本　町１－１５","175","","スプリング遊具","","なし","","","","139.6846853944","35.695979767052","街区公園"
"あいおいポケットパーク","173","302","その他","あいおいぽけっとぱーく","本　町１－１","63.18","","","","なし","","","","139.684753829061","35.6935394424901","その他"
"川添公園","23","24","街区公園","かわぞえ","東中野１－２２","890.05","","ブランコ、砂場、複合遊具、鉄棒","","車いす用○、オストメイト×、男子大×、男子小１、女子×、共用×、ベビーシート×、ベビーチェア×","","","","139.686177605484","35.7034892175093","街区公園"
"小淀公園","128","132","街区公園","こよど","中　央１－２４","713.24","","","","車いす用○、オストメイト×、男子大×、男子小１、女子×、共用×、ベビーシート×、ベビーチェア×","","花火不可","","139.686326362127","35.7008459809841","街区公園"
"ゆりの木公園","82","85","街区公園","ゆりのき","中　央１－２０","484.21","","","","車いす用×、オストメイト×、男子大×、男子小×、女子×、共用１、ベビーシート×、ベビーチェア×","","","","139.686674307412","35.6987537721244","街区公園"
"すみよし公園","38","39","街区公園","すみよし","東中野４－２５","332.77","","滑り台、砂場、鉄棒","","車いす用×、オストメイト×、男子大×、男子小×、女子×、共用１、ベビーシート×、ベビーチェア×","","","","139.68732838373","35.7099775065839","街区公園"
"桃園川緑道","158","164","緑道","ももぞのかわりょくどう","中央1－12～中野3－11","15148.31","","","","なし","","犬の同行入園可（園路）","","139.674504245998","35.7016151797691","緑道"
"けやき公園","63","65","街区公園","けやき","東中野５－１３","635.51","じゃぶじゃぶ池","ブランコ、砂場、築山遊具","","なし","","","","139.689434098919","35.7085378096562","街区公園"
"おかのうえ公園","166","172","街区公園","おかのうえ","東中野５－２７","1682.75","EV","複合遊具","ウッドデッキ（開放7:00、閉鎖19:00）","なし","","犬の同行入園可（園路）","","139.690401422441","35.7099172466935","街区公園"
"おたき公園","87","90","街区公園","おたき","東中野５－２３","380.2","","砂場、複合遊具","","車いす用×、オストメイト×、男子大×、男子小×、女子×、共用１、ベビーシート×、ベビーチェア×","","","","139.692179198051","35.7101080717457","街区公園"
"上鷺宮四丁目の広場","0","999","その他","かみさぎのみやよんちょうめ","上鷺宮４－６","125.28125","","","","なし","公園課で管理する広場","","","139.629665232119","35.7326063392014","その他"
